{"accuracy": [0.7200156450271606, 0.92607581615448, 0.9582473635673523, 0.972579836845398, 0.9799772500991821, 0.984465479850769, 0.987253725528717, 0.9886478185653687, 0.9901273250579834, 0.990696370601654], "loss": [0.9334079623222351, 0.23053967952728271, 0.12693509459495544, 0.0826190784573555, 0.0625830590724945, 0.04816419258713722, 0.04044003784656525, 0.03586668148636818, 0.031720176339149475, 0.029270479455590248], "val_accuracy": [0.9001252055168152, 0.9374004006385803, 0.9436034560203552, 0.9487252235412598, 0.9697245359420776, 0.9723423719406128, 0.978147029876709, 0.9738219976425171, 0.9758138060569763, 0.970805823802948], "val_loss": [0.3070209324359894, 0.19801045954227448, 0.18553994596004486, 0.1696932017803192, 0.10465880483388901, 0.09614972770214081, 0.07841762900352478, 0.09473001956939697, 0.09873028844594955, 0.10574982315301895]}